ds,y
2013-01-01,0.0
2013-01-02,0.0
2013-01-03,0.0
2013-01-04,0.0
2013-01-05,0.0
2013-01-06,0.0
2013-01-07,-0.45923050373883534
2013-01-08,1.4097726440248508
2013-01-09,2.1016153474504122
2013-01-10,0.7460802287021459
2013-01-11,1.5350689599220384
2013-01-12,0.8158695402473448
2013-01-13,1.0106383174843705
2013-01-14,-0.13585314620662545
2013-01-15,0.414201393492009
2013-01-16,-0.09241532356335128
2013-01-17,1.320097657837647
2013-01-18,-0.5285829373002492
2013-01-19,-1.2090177358764251
2013-01-20,-1.4044319350445804
2013-01-21,-1.158304806553713
2013-01-22,-1.3804914246825752
2013-01-23,0.5684242885039659
2013-01-24,0.8881183759555094
2013-01-25,0.10660210868113419
2013-01-26,0.3529255673522744
2013-01-27,0.33666991917865485
2013-01-28,1.1510161315555245
2013-01-29,0.661366688624309
2013-01-30,1.073134995142802
2013-01-31,1.5789772498610068
2013-02-01,1.0943402056707943
2013-02-02,1.0168244796915986
2013-02-03,1.7385382892367063
2013-02-04,0.9646619131543026
2013-02-05,0.15167358968353412
2013-02-06,-0.10673700848654895
2013-02-07,-1.281932180712828
2013-02-08,-1.8241664708689573
2013-02-09,-0.6086037400252406
2013-02-10,-0.5329752938181272
2013-02-11,0.2637327570603219
2013-02-12,-0.1464716367437249
2013-02-13,1.2502753949640772
2013-02-14,1.6463079215083831
2013-02-15,1.9517191213307383
2013-02-16,-1.145765099094144
2013-02-17,-1.2767351305374222
2013-02-18,-0.20253954373911565
2013-02-19,-0.10479218081294055
2013-02-20,0.7567309388894842
2013-02-21,1.4090497796058434
2013-02-22,1.3807459665963857
2013-02-23,0.07205442527742963
2013-02-24,-0.44728699655605136
2013-02-25,-0.5905085673694309
2013-02-26,-0.21635657585900775
2013-02-27,1.2485321988315177
2013-02-28,0.5300475821341494
2013-03-01,-0.5053838500728836
2013-03-02,0.4660162842652095
2013-03-03,0.4892240945259617
2013-03-04,-0.9409868472885241
2013-03-05,1.2118973371871682
2013-03-06,1.18359463752405
2013-03-07,1.7152495159498478
2013-03-08,1.4374501068612158
2013-03-09,1.3462460748080802
2013-03-10,0.35353461708017747
2013-03-11,0.511010340459966
2013-03-12,-0.0024535389698889486
2013-03-13,-1.762115809219217
2013-03-14,-0.8616194669684478
2013-03-15,0.5673432797884528
2013-03-16,-1.691649501381412
2013-03-17,0.017097972813539447
2013-03-18,0.6599473768133424
2013-03-19,0.06541655001393679
2013-03-20,2.049621525968856
2013-03-21,0.0389236380336337
2013-03-22,0.4938970325362796
2013-03-23,0.9815269584428122
2013-03-24,0.6149042877898969
2013-03-25,-0.8348985534375633
2013-03-26,-0.7526302742915105
2013-03-27,-1.6353487353359744
2013-03-28,-0.8387163215058505
2013-03-29,-0.9998416257110706
2013-03-30,0.11813607854480426
2013-03-31,0.4013777799982996
2013-04-01,1.5307339124735475
2013-04-02,1.178529653071038
2013-04-03,1.3102664879224004
2013-04-04,0.24929150147702736
2013-04-05,0.7171931066812581
2013-04-06,0.7168144313287368
2013-04-07,2.1291712097812363
2013-04-08,1.2760222451246896
2013-04-09,1.4067749146289774
2013-04-10,0.9863320419368212
2013-04-11,0.7653342278614457
2013-04-12,-0.07068512282130887
2013-04-13,0.9474875551036315
2013-04-14,-1.4738448823791872
2013-04-15,-1.2622290295562175
2013-04-16,1.796154416752628
2013-04-17,-0.2590951570292676
2013-04-18,0.49726871307776616
2013-04-19,-0.8445609702673879
2013-04-20,0.7023134011788409
2013-04-21,-1.1439931603548172
2013-04-22,-1.1467497161864273
2013-04-23,-0.19393607128954485
2013-04-24,0.9333189494528298
2013-04-25,1.3177137428555608
2013-04-26,0.33935004317028294
2013-04-27,1.0820681037645983
2013-04-28,0.5101312881625367
2013-04-29,1.4274091816306738
2013-04-30,0.3346369967381108
2013-05-01,0.9751401084215148
2013-05-02,-1.2292657309818
2013-05-03,-1.7738302891667588
2013-05-04,1.2700198790150483
2013-05-05,0.8519145774427319
2013-05-06,0.8364619045200213
2013-05-07,0.7234952488876596
2013-05-08,1.2201843697323456
2013-05-09,0.8447201809418509
2013-05-10,0.7234361924499747
2013-05-11,-1.8210560732960355
2013-05-12,-1.5919992623109305
2013-05-13,-0.46563255655932206
2013-05-14,-0.10858568050614165
2013-05-15,0.44636020995936576
2013-05-16,0.6387631308477963
2013-05-17,0.7470354077551409
2013-05-18,-0.5372824970118488
2013-05-19,1.9757053594041278
2013-05-20,1.6675711543505631
2013-05-21,1.0551687752785814
2013-05-22,1.0609477769500153
2013-05-23,1.0433238035270076
2013-05-24,1.0896077485193876
2013-05-25,1.3532162676523165
2013-05-26,0.41818869713019496
2013-05-27,-1.2725002647368509
2013-05-28,-1.463019909379089
2013-05-29,-1.552832462894579
2013-05-30,-1.6054940723442892
2013-05-31,-0.7615914990482346
2013-06-01,-1.1678936637573114
2013-06-02,-0.8094375230245169
2013-06-03,1.3357071745917122
2013-06-04,1.3578217841816143
2013-06-05,1.4665116268247778
2013-06-06,-1.2075886624487706
2013-06-07,-0.019791112339184798
2013-06-08,-0.0774888143892183
2013-06-09,0.6556953144613731
2013-06-10,0.7772808047014601
2013-06-11,-1.5118351501468426
2013-06-12,0.1460615109051227
2013-06-13,-1.4112868958174207
2013-06-14,-0.9828277996095364
2013-06-15,-0.6066194714216973
2013-06-16,-1.338178060294159
2013-06-17,-1.2045853002341578
2013-06-18,-0.472544593575673
2013-06-19,0.5667905783432649
2013-06-20,1.6371281445078398
2013-06-21,1.5765338881746256
2013-06-22,1.3106346708860481
2013-06-23,0.9015599784013256
2013-06-24,0.10349130363538378
2013-06-25,-1.1529742612712919
2013-06-26,-1.2661842243295107
2013-06-27,-0.7462450885968035
2013-06-28,-0.5168010986094439
2013-06-29,0.5984752715635888
2013-06-30,0.8015489214477737
2013-07-01,1.419641804477064
2013-07-02,0.6447429090431313
2013-07-03,-0.945379259727494
2013-07-04,-0.30892564526433997
2013-07-05,-0.04550885346377959
2013-07-06,-1.5667975729578985
2013-07-07,-1.0326141337861001
2013-07-08,-1.6129518567500696
2013-07-09,-1.5726357925106158
2013-07-10,-0.7779897469658782
2013-07-11,1.1418541902439907
2013-07-12,-1.0891739456940546
2013-07-13,0.9530448100639785
2013-07-14,0.289739380815057
2013-07-15,0.7784504078016011
2013-07-16,-0.666414856774143
2013-07-17,0.144097604426057
2013-07-18,0.8219394233058828
2013-07-19,-0.7769523421882626
2013-07-20,-2.0826470446116025
2013-07-21,-0.9664392146740414
2013-07-22,-0.10762740555116494
2013-07-23,0.9979138459140297
2013-07-24,-0.027776647813073273
2013-07-25,-0.5704325538033584
2013-07-26,0.4958420107856337
2013-07-27,0.37739858379038227
2013-07-28,1.4732010785507705
2013-07-29,0.387458474521986
2013-07-30,0.17978592060901744
2013-07-31,-1.0019862396935761
2013-08-01,-0.3715449538500894
2013-08-02,0.8438367882147709
2013-08-03,1.1866695990500191
2013-08-04,1.1297618888010652
2013-08-05,-0.8758445952400158
2013-08-06,-1.5647789817884952
2013-08-07,-0.899738276983344
2013-08-08,-0.7001462258907585
2013-08-09,-0.9757524153444292
2013-08-10,0.2629670637412567
2013-08-11,1.2498484003709525
2013-08-12,0.8063294749526541
2013-08-13,1.3900928567918278
2013-08-14,0.3289874082852372
2013-08-15,-1.1466002196047291
2013-08-16,-1.7426365735361538
2013-08-17,-0.8912779041427313
2013-08-18,-0.16236482620022769
2013-08-19,-0.1518367840326684
2013-08-20,-0.5410258226743272
2013-08-21,0.9879481697962268
2013-08-22,1.489645388518497
2013-08-23,2.0196615838176113
2013-08-24,1.5914464188853605
2013-08-25,-0.19604250593158482
2013-08-26,1.1354257585280207
2013-08-27,0.9534048022068569
2013-08-28,-0.49418311678508625
2013-08-29,0.29661817652335215
2013-08-30,-1.2163998109881902
2013-08-31,-0.9925437661787894
2013-09-01,-0.4304174000260245
2013-09-02,1.0204393925387567
2013-09-03,1.4866925107619353
2013-09-04,0.5886488588898487
2013-09-05,0.5347191608052904
2013-09-06,-0.39605358820818626
2013-09-07,-0.5491145982370057
2013-09-08,-2.004913259209992
2013-09-09,0.04472105572618876
2013-09-10,-0.63560680736193
2013-09-11,0.40433840598047205
2013-09-12,0.7706202060747785
2013-09-13,0.6520661863788716
2013-09-14,0.14447071533883904
2013-09-15,1.2412139181627335
2013-09-16,-1.3092101047093307
2013-09-17,-1.571407826258684
2013-09-18,-1.2056684530987911
2013-09-19,-0.37836722095073305
2013-09-20,-1.1545056228497956
2013-09-21,-1.9841901906831574
2013-09-22,-0.15633986543263767
2013-09-23,0.9723061070598332
2013-09-24,1.0158247391655733
2013-09-25,-0.12495039748179006
2013-09-26,-0.2079067057290516
2013-09-27,0.21121873864548119
2013-09-28,0.6759246479116573
2013-09-29,-1.0722946424586997
2013-09-30,-1.5037440896662193
2013-10-01,-0.15860995280991283
2013-10-02,0.6764340508949154
2013-10-03,0.016572183017507066
2013-10-04,-1.8615869664268985
2013-10-05,0.49069183399730715
2013-10-06,1.0521432237193469
2013-10-07,0.7743441244838958
2013-10-08,0.38543681860791146
2013-10-09,1.0771024430299265
2013-10-10,0.27785817683311936
2013-10-11,-2.1569109921975733
2013-10-12,-0.9174509525046007
2013-10-13,-0.36152439203875436
2013-10-14,-0.021043515188816513
2013-10-15,-0.614026994470856
2013-10-16,-0.13210725141051644
2013-10-17,0.45709186465973783
2013-10-18,-0.4817017887369482
2013-10-19,-1.8220006177172512
2013-10-20,-1.3869693939993253
2013-10-21,-0.729450567459599
2013-10-22,1.4638784931265825
2013-10-23,-0.5161272041301246
2013-10-24,-1.0252529109431376
2013-10-25,-1.2669707240134773
2013-10-26,-0.9089875812467185
2013-10-27,-0.8044074190045992
2013-10-28,-0.713561009487462
2013-10-29,-0.374960475239164
2013-10-30,-0.3849461287164615
2013-10-31,2.1183611167511573
2013-11-01,1.0191056142746866
2013-11-02,-1.9142252013500591
2013-11-03,-1.7988507914132452
2013-11-04,-0.9858049070749606
2013-11-05,-1.6872851733540826
2013-11-06,-0.49876988707636627
2013-11-07,-0.5443722389422689
2013-11-08,-1.6585890926934077
2013-11-09,-0.025288341329485153
2013-11-10,-1.6374333302004418
2013-11-11,-0.11969929664058118
2013-11-12,-1.320439897618521
2013-11-13,-0.3854825365414839
2013-11-14,-0.26632199992283206
2013-11-15,-0.6607895417200966
2013-11-16,-0.8525514875325741
2013-11-17,-1.4955406902831108
2013-11-18,1.4695497451870985
2013-11-19,0.6173963391551527
2013-11-20,0.8791436821443672
2013-11-21,0.4710695571294495
2013-11-22,0.14642076872809923
2013-11-23,0.46181316615484236
2013-11-24,1.8562170418949877
2013-11-25,2.0980763576051613
2013-11-26,1.3970796792689804
2013-11-27,-0.04883372984689806
2013-11-28,-0.4763711964937567
2013-11-29,-1.1195529930616928
2013-11-30,-0.9752838675131569
2013-12-01,-0.7364853795465339
2013-12-02,-0.975503532980457
2013-12-03,-0.79519232080566
2013-12-04,-1.1746120270828018
2013-12-05,-1.0630840959009076
2013-12-06,-1.886021323604003
2013-12-07,-1.4196699077283574
2013-12-08,-0.520182775281884
2013-12-09,-0.8627494799261919
2013-12-10,-1.41594565720706
2013-12-11,0.6428452841033803
2013-12-12,1.9445436482639367
2013-12-13,0.8294283426849576
2013-12-14,-0.5408944556314439
2013-12-15,-1.0749724554348614
2013-12-16,-1.0863087425391809
2013-12-17,-1.3143456691719178
2013-12-18,-0.9024995341784187
2013-12-19,0.522390080294519
2013-12-20,-0.10241017349757651
2013-12-21,-0.9700772721507721
2013-12-22,0.1108327318508723
2013-12-23,-1.3418395922790238
2013-12-24,-1.6337434459121354
2013-12-25,-1.0816219771588094
2013-12-26,-1.7554226314034151
2013-12-27,-1.3862910531649693
2013-12-28,-1.4509246098917987
2013-12-29,-1.2856783188663174
2013-12-30,0.19802773723219733
2013-12-31,1.5707758616571161
2014-01-01,0.8287279983284959
2014-01-02,-0.7476841771687065
2014-01-03,0.22678931416498238
2014-01-04,0.31071121508143634
2014-01-05,-0.31716630346484836
2014-01-06,-0.979612611051138
2014-01-07,-0.12211413582811934
2014-01-08,-0.23649310961652154
2014-01-09,1.0441984998541387
2014-01-10,0.20015180164063393
2014-01-11,-0.09076200862577838
2014-01-12,1.2414325479126815
2014-01-13,1.9422393765152308
2014-01-14,1.7438348238309265
2014-01-15,-0.9565669152887387
2014-01-16,-0.5928670456745321
2014-01-17,-0.7765715186312668
2014-01-18,-0.3942306996543621
2014-01-19,1.0697250161700056
2014-01-20,1.0252990691058501
2014-01-21,0.43674912392877246
2014-01-22,1.3265425893923057
2014-01-23,1.177883555564209
2014-01-24,-0.3799584854668067
2014-01-25,-1.8845818035074589
2014-01-26,0.17337397875081487
2014-01-27,1.3758955970382132
2014-01-28,1.0147769849809918
2014-01-29,0.031205449363341655
2014-01-30,-0.09559154259180531
2014-01-31,-0.021707522290507607
2014-02-01,-1.030949631581293
2014-02-02,0.017434201093863757
2014-02-03,1.9165665650881167
2014-02-04,1.5421503193584774
2014-02-05,0.4500322753210046
2014-02-06,0.9050694707318191
2014-02-07,1.0850790481288666
2014-02-08,-1.7032507065384466
2014-02-09,-1.5354688391103064
2014-02-10,-1.1651063762080507
2014-02-11,-0.6836940939634758
2014-02-12,-0.5440025984353318
2014-02-13,0.3549140885943918
2014-02-14,-0.4934053696846758
2014-02-15,-0.9244734516422263
2014-02-16,0.17195708260349363
2014-02-17,1.3200768967192504
2014-02-18,1.059549392175467
2014-02-19,0.7222397582976868
2014-02-20,1.2710426627575915
2014-02-21,1.3780546348449247
2014-02-22,0.8938645644528526
2014-02-23,0.6331837482014512
2014-02-24,0.2929735464291651
2014-02-25,1.6920605692073973
2014-02-26,1.684056903873076
2014-02-27,1.1437827866206518
2014-02-28,-1.293436362866475
2014-03-01,-0.7885104768145523
2014-03-02,-0.7385403842148922
2014-03-03,0.4187197304004914
2014-03-04,0.95616617239596
2014-03-05,1.0178314242661373
2014-03-06,0.7066257369640916
2014-03-07,0.5851857997277469
2014-03-08,1.3333199796357664
2014-03-09,2.0355912497837627
2014-03-10,0.40402670411716124
2014-03-11,0.7266598392184878
2014-03-12,0.06122300237467259
2014-03-13,-0.8896896077407151
2014-03-14,-0.575172737184205
2014-03-15,1.1095383270754515
2014-03-16,1.8219952524995355
2014-03-17,1.9003854390671175
2014-03-18,1.0043925373070974
2014-03-19,-0.21598612521448596
2014-03-20,-0.5225801315183097
2014-03-21,-0.3219513353677659
2014-03-22,0.7873249323856878
2014-03-23,-0.4162952930501758
2014-03-24,-0.41567539741242243
2014-03-25,1.2460869531635328
2014-03-26,1.1678405790155235
2014-03-27,-0.1629912858118098
2014-03-28,0.41433557098145546
2014-03-29,1.395334578090226
2014-03-30,-0.14901761288038345
2014-03-31,-0.5423698381065079
2014-04-01,0.3786545367086574
2014-04-02,1.711193867241982
2014-04-03,-0.026179864414656813
2014-04-04,0.6415669370870022
2014-04-05,1.5262489690422452
2014-04-06,1.887144163618225
2014-04-07,0.27943571632200115
2014-04-08,-0.6710714854333507
2014-04-09,-0.5673349575526185
2014-04-10,-0.3514108050762446
2014-04-11,0.5758103856081532
2014-04-12,0.9528007022981501
2014-04-13,-0.1304020475455555
2014-04-14,0.4196578456339128
2014-04-15,1.1175169590291572
2014-04-16,-0.5952021305795714
2014-04-17,-1.3065412622478403
2014-04-18,-1.7703088214649714
2014-04-19,-0.7111181345347747
2014-04-20,0.1892287887771065
2014-04-21,0.7930859849990387
2014-04-22,1.5503841244389753
2014-04-23,1.0806595822060954
2014-04-24,0.9150586216077532
2014-04-25,1.2873525051644266
2014-04-26,1.4698850502300682
2014-04-27,0.6980656249922735
2014-04-28,1.1785866659429811
2014-04-29,1.2728379495715063
2014-04-30,1.5881544555752591
2014-05-01,1.8295435951163013
2014-05-02,1.1072689526036466
2014-05-03,-0.568598041748667
2014-05-04,-0.6961641921778393
2014-05-05,-1.6138139931217172
2014-05-06,-1.2608666894112825
2014-05-07,-0.11870883001376925
2014-05-08,-0.07341750922342091
2014-05-09,-0.4440493009749388
2014-05-10,-0.7101632941475148
2014-05-11,-0.8436743908555977
2014-05-12,-1.6888382495300671
2014-05-13,-1.8957274021914727
2014-05-14,-0.8835064028313631
2014-05-15,0.5040422666496097
2014-05-16,1.230914909793319
2014-05-17,0.6284580490826507
2014-05-18,1.1502173707608419
2014-05-19,1.1134827120346258
2014-05-20,0.43419878070604007
2014-05-21,1.4292521869748307
2014-05-22,1.255644191547224
2014-05-23,1.5179773776801821
2014-05-24,-0.7917699767284481
2014-05-25,-0.7917699767284481
2014-05-26,-1.3301453386345963
2014-05-27,-0.26707736762721
2014-05-28,0.8232103076439111
2014-05-29,1.3859371627370194
2014-05-30,0.411157012484555
2014-05-31,0.9637997471500961
2014-06-01,-0.17683087972558262
2014-06-02,-0.5799443108839551
2014-06-03,0.9699639765630254
2014-06-04,0.9979942166106717
2014-06-05,1.6627157617497643
2014-06-06,1.3955371043163554
2014-06-07,1.3312804709405164
2014-06-08,0.7138874506838959
2014-06-09,0.6922734237102616
2014-06-10,-0.01743420109386027
2014-06-11,0.03519439937426062
2014-06-12,-2.217874450782039
2014-06-13,-1.8268933828159106
2014-06-14,-1.2382224528140375
2014-06-15,-0.13502405802945697
2014-06-16,0.7367137966904236
2014-06-17,0.9351186259147264
2014-06-18,0.13851420846295168
2014-06-19,0.6782038821490338
2014-06-20,1.1819213388812306
2014-06-21,0.5923258197439975
2014-06-22,-1.064354261932634
2014-06-23,-1.6155305609584738
2014-06-24,-0.8880041677093189
2014-06-25,-1.031899443781562
2014-06-26,-0.7038944341601115
2014-06-27,0.5924848495820149
2014-06-28,1.1731740361380536
2014-06-29,-0.1875228923753885
2014-06-30,-1.0284189263630192
2014-07-01,-1.172576183936071
2014-07-02,-1.6250779638007815
2014-07-03,-1.3509682480995786
2014-07-04,-0.09081381722190109
2014-07-05,1.5889667703797343
2014-07-06,-0.3081403390224891
2014-07-07,1.1549149081347923
2014-07-08,1.1774367924815876
2014-07-09,1.1538726964084955
2014-07-10,0.9900851089592794
2014-07-11,0.9377901994867125
2014-07-12,0.4742554286030042
2014-07-13,-1.9662530130689762
2014-07-14,-1.2223844641138168
2014-07-15,-0.678209453555104
2014-07-16,-0.6883944069443552
2014-07-17,-1.1668518056033461
2014-07-18,-1.7953298949348817
2014-07-19,-0.5976035348043354
2014-07-20,-0.053075181412538766
2014-07-21,0.5916566511797672
2014-07-22,0.49911071147434083
2014-07-23,0.11272063762066488
2014-07-24,0.05654502465535999
2014-07-25,-0.21557272714435857
2014-07-26,1.5251084336550969
2014-07-27,0.392124811024395
2014-07-28,-1.2681570061393992
2014-07-29,-0.739694694942639
2014-07-30,0.8373843010355497
2014-07-31,1.0905542588740256
2014-08-01,1.2646971110367546
2014-08-02,-0.9848469738936801
2014-08-03,0.11198947348421
2014-08-04,-0.7746826225256376
2014-08-05,-1.2440547105310884
2014-08-06,0.5580943780541171
2014-08-07,-0.05864203349859034
2014-08-08,0.15309310892393282
2014-08-09,-1.5109623836708839
2014-08-10,-1.4680646130069361
2014-08-11,0.5612493923496195
2014-08-12,0.995488672511465
2014-08-13,0.9954886725114652
2014-08-14,-0.1928143084062802
2014-08-15,0.3368561148420632
2014-08-16,-0.32126319304589546
2014-08-17,0.19064378185782577
2014-08-18,0.7090662926224808
2014-08-19,1.618897239164215
2014-08-20,1.409520124017916
2014-08-21,0.5447978846931156
2014-08-22,0.7708498774574588
2014-08-23,0.7509392614825012
2014-08-24,0.585540043768882
2014-08-25,1.837117307086279
2014-08-26,1.5308011602949911
2014-08-27,0.8239713341476512
2014-08-28,-2.1706830430934274
2014-08-29,-1.2149782497331894
2014-08-30,-1.428312689378122
2014-08-31,-1.2853971774036805
2014-09-01,-0.4341931051612613
2014-09-02,-0.2921346923396596
2014-09-03,-0.5154961298256933
2014-09-04,-1.0085137600054697
2014-09-05,-1.738320434977221
2014-09-06,0.23868543112839427
2014-09-07,1.6200563226788436
2014-09-08,1.3354722904396197
2014-09-09,0.9460323297592649
2014-09-10,-0.28092739978074666
2014-09-11,-1.2181937795744922
2014-09-12,-0.49290687157978186
2014-09-13,-0.06828973304482454
2014-09-14,-0.06276315554468066
2014-09-15,0.47249496492167836
2014-09-16,1.349215626878331
2014-09-17,1.0167048633758993
2014-09-18,0.8749850895516869
2014-09-19,1.1946482603758577
2014-09-20,1.0239842231793002
2014-09-21,-0.14777697580095314
2014-09-22,-0.3614720195334769
2014-09-23,0.8777908163814399
2014-09-24,-1.9595917942259928
2014-09-25,-0.9832602935278771
2014-09-26,-0.7364636270430273
2014-09-27,0.38245275805035406
2014-09-28,-0.07755667343292039
2014-09-29,0.5188942039583467
2014-09-30,1.1447651290370426
2014-10-01,0.3959918084430849
2014-10-02,-0.037309085087569825
2014-10-03,0.3878673847928726
2014-10-04,1.9807793766822572
2014-10-05,0.22135237673172564
2014-10-06,0.1369730962959077
2014-10-07,1.3648686407127124
2014-10-08,-2.157933325738634
2014-10-09,-1.8323528122937305
2014-10-10,-1.4432107063270565
2014-10-11,-1.4959469896504118
2014-10-12,-1.009032269269399
2014-10-13,-0.03710965002794163
2014-10-14,-1.5759981762901512
2014-10-15,-1.2250357494297628
2014-10-16,-1.542236999409309
2014-10-17,-0.13179486107233346
2014-10-18,-0.6339997163666184
2014-10-19,-0.595161211328379
2014-10-20,0.7837057626908494
2014-10-21,1.4383899044560593
2014-10-22,1.1785866659429858
2014-10-23,0.48881290193417193
2014-10-24,0.6892293331344207
2014-10-25,0.18156825980062294
2014-10-26,-0.5821817364272309
2014-10-27,-1.5285305132550107
2014-10-28,-0.5039526306786808
2014-10-29,-1.4999999999988889
2014-10-30,-2.0079956006039787
2014-10-31,-1.7407765595568128
2014-11-01,-1.7125055692391313
2014-11-02,-0.9981718900692893
2014-11-03,-0.33585752711409445
2014-11-04,0.1975258465849056
2014-11-05,-0.8941887724453166
2014-11-06,-0.17817416127489538
2014-11-07,1.5867757065370682
2014-11-08,1.0419348478643164
2014-11-09,1.1354584900539775
2014-11-10,-1.925822216299003
2014-11-11,-1.906014261606766
2014-11-12,-1.2173262433556649
2014-11-13,-1.2330716869410043
2014-11-14,-0.9654775344268841
2014-11-15,-0.647134748002419
2014-11-16,-0.8097586307301051
2014-11-17,-1.3907589749180629
2014-11-18,-1.1648597506769358
2014-11-19,-1.2956960931783443
2014-11-20,2.0533014063207142
2014-11-21,-0.09078412990031512
2014-11-22,1.1859567894714231
2014-11-23,-0.976915156656954
2014-11-24,-0.9905275844379395
2014-11-25,-1.0394023007753446
2014-11-26,0.7864837576395937
2014-11-27,0.05400640689004757
2014-11-28,0.8199866603649371
2014-11-29,1.3269249289485474
2014-11-30,0.743773927084007
2014-12-01,0.684661422870667
2014-12-02,1.6247297384334871
2014-12-03,2.0303261295146595
2014-12-04,0.13065106689280093
2014-12-05,-1.360707358478666
2014-12-06,-0.9240181732654709
2014-12-07,-1.061287298998197
2014-12-08,-0.9115979911277233
2014-12-09,-1.0855470482370257
2014-12-10,1.3934238117312152
2014-12-11,0.7671766601935218
2014-12-12,-0.27870528889114665
2014-12-13,-0.8101826438272088
2014-12-14,-0.37385498237581927
2014-12-15,-0.4595111272006402
2014-12-16,-0.12026044306856118
2014-12-17,-1.8819588310504987
2014-12-18,-1.6445372644786336
2014-12-19,-1.1813254203003385
2014-12-20,-1.0158048817894854
2014-12-21,-1.1891497541974525
2014-12-22,-0.9441796179302179
2014-12-23,-0.9078412990031904
2014-12-24,-0.5256980143608819
2014-12-25,-0.8443265146488248
2014-12-26,1.0575313738960992
2014-12-27,0.9998266146496785
2014-12-28,-1.1920791213584656
2014-12-29,1.435033809322322
2014-12-30,1.3843074309436385
2014-12-31,1.4206451063627556
2015-01-01,1.8411329998411288
2015-01-02,1.3106391359340663
2015-01-03,1.0475908784457144
2015-01-04,0.4153247080145337
2015-01-05,0.12029262243465706
2015-01-06,-1.5311482875907774
2015-01-07,-1.9374999999999811
2015-01-08,-1.2320710316696823
2015-01-09,-0.7168566680643521
2015-01-10,-0.2842135781543484
2015-01-11,-0.13460756800596232
2015-01-12,-0.11501092655705193
2015-01-13,1.769303473858686
2015-01-14,1.1438313252413945
2015-01-15,1.245536951477607
2015-01-16,1.4255873785680928
2015-01-17,1.3632558641970178
2015-01-18,0.6482367101796511
2015-01-19,1.3875303825667757
2015-01-20,0.5999999999999365
2015-01-21,0.16086022125329752
2015-01-22,-1.5798095832492574
2015-01-23,1.862792175559256
2015-01-24,-1.2158951062633516
2015-01-25,-0.09665483164911887
2015-01-26,0.5799289898947155
2015-01-27,-0.07249112373683975
2015-01-28,-1.435671506024451
2015-01-29,-1.2663853398081664
2015-01-30,0.11263452932486559
2015-01-31,0.977591731211263
2015-02-01,1.5428204476978817
2015-02-02,1.8381001756134125
2015-02-03,1.1222960263506128
2015-02-04,0.04271944201801238
2015-02-05,-0.22143990733302452
2015-02-06,-0.1533905121225841
2015-02-07,0.23094010767584128
2015-02-08,0.6978888929048057
2015-02-09,1.0929512963144592
2015-02-10,0.11870138823733349
2015-02-11,0.20438715802653123
2015-02-12,-0.7596842048273531
2015-02-13,1.5081233670443075
2015-02-14,1.9903745579492096
2015-02-15,1.1693973660195711
2015-02-16,1.486512250227583
2015-02-17,1.2466424558462732
2015-02-18,0.9809919049206184
2015-02-19,1.4137328958903785
2015-02-20,1.1889038946215287
2015-02-21,0.4089110253027601
2015-02-22,0.4288852252876674
2015-02-23,-0.6246678096178804
2015-02-24,1.091201603663209
2015-02-25,1.1615237661905191
2015-02-26,-1.9049023331459511
2015-02-27,-1.5925463607440664
2015-02-28,-0.13896606704490744
2015-03-01,-1.6565428432297948
2015-03-02,-1.149294666148471
2015-03-03,-1.2393546707863619
2015-03-04,-0.858033121952678
2015-03-05,0.34239661179320074
2015-03-06,0.9513919829106618
2015-03-07,0.4046686718194171
2015-03-08,0.9612488454785062
2015-03-09,-0.09166984970281898
2015-03-10,-0.657329518276893
2015-03-11,-0.5335969030718107
2015-03-12,1.482047241391448
2015-03-13,1.638622248392852
2015-03-14,1.2199172177314248
2015-03-15,-0.9617574115774912
2015-03-16,0.18313085381867455
2015-03-17,0.5769755007161311
2015-03-18,-0.025288574557462053
2015-03-19,0.5577160792806752
2015-03-20,1.2755836261008646
2015-03-21,1.710373739469252
2015-03-22,1.4086039777274721
2015-03-23,0.9326276921847341
2015-03-24,1.0431819972473915
2015-03-25,1.1661719691462122
2015-03-26,1.6559591443374666
2015-03-27,0.8696404366400454
2015-03-28,0.41792793473662493
2015-03-29,-1.0613340841291825
2015-03-30,-1.6630436812405907
2015-03-31,-0.5497082651329189
2015-04-01,0.1652988800024569
2015-04-02,1.461527855178959
2015-04-03,-0.7285385197125862
2015-04-04,-1.6355853195464396
2015-04-05,-0.46547006608286756
2015-04-06,0.03207904892533141
2015-04-07,-0.3965847588958371
2015-04-08,0.4402007727637776
2015-04-09,1.070534515137298
2015-04-10,1.2642166202660488
2015-04-11,1.5457585362877426
2015-04-12,-0.8679434300440926
2015-04-13,-0.5968004292262142
2015-04-14,0.14699368305183308
2015-04-15,0.8933250005738301
2015-04-16,-0.6567193438218126
2015-04-17,1.069564804766555
2015-04-18,1.6693313009640514
2015-04-19,1.6450488038384479
2015-04-20,1.3695443562338117
2015-04-21,0.7342536523779489
2015-04-22,0.22850893508490128
2015-04-23,-0.11501092655705934
2015-04-24,-0.24567690745600754
2015-04-25,-1.0453980786558008
2015-04-26,-1.7317599558922268
2015-04-27,-0.43814160473961505
2015-04-28,0.7057869621445407
2015-04-29,0.8690481892535014
2015-04-30,1.567740228103751
2015-05-01,0.3895668476890511
2015-05-02,-0.49971189856439036
2015-05-03,-0.06345270012847255
2015-05-04,-0.3814572882395296
2015-05-05,0.9733664755351167
2015-05-06,1.7865607995338166
2015-05-07,1.7017430973998608
2015-05-08,0.7824418956967925
2015-05-09,0.9805219905591289
2015-05-10,0.7436839589034083
2015-05-11,-0.262107737330264
2015-05-12,-1.598559302107565
2015-05-13,-2.1614346000518165
2015-05-14,-1.0680345961590618
2015-05-15,-1.0669780371777218
2015-05-16,-0.4018679943951991
2015-05-17,0.9341675400079787
2015-05-18,1.509483719941171
2015-05-19,0.23735461198311567
2015-05-20,0.6177584007491259
2015-05-21,1.184619035443986
2015-05-22,1.1522838469201493
2015-05-23,1.3208974927432895
2015-05-24,0.47728464817505983
2015-05-25,1.0459155768700747
2015-05-26,-0.4336466886181403
2015-05-27,-1.678508654832732
2015-05-28,-0.7924058156931305
2015-05-29,-0.41099364323429105
2015-05-30,-1.5850880180295883
2015-05-31,-0.28738043701200966
2015-06-01,-1.98129920264604
2015-06-02,-0.678372017123405
2015-06-03,-1.4124389755801832
2015-06-04,0.0
2015-06-05,0.5739510696214948
2015-06-06,0.8301139104816062
2015-06-07,1.4521324243804052
2015-06-08,1.4581442614307418
2015-06-09,1.306130948232451
2015-06-10,0.8206349046369895
2015-06-11,0.1578904657112966
2015-06-12,0.05261488135178459
2015-06-13,-2.080107930643355
2015-06-14,-1.9067119232712058
2015-06-15,-0.6554876247667466
2015-06-16,-0.12377548750145022
2015-06-17,0.47342985090864276
2015-06-18,0.9251740417050017
2015-06-19,1.1742593606255793
2015-06-20,0.16828126476467045
2015-06-21,-1.3448503341956568
2015-06-22,-0.6093304019957111
2015-06-23,-0.8332134796472015
2015-06-24,1.4398370217275627
2015-06-25,-1.6423723058179054
2015-06-26,-0.19058962682413874
2015-06-27,0.3056739800988652
2015-06-28,0.630158126688055
2015-06-29,-0.290574950012999
2015-06-30,-0.33715076601975885
2015-07-01,0.32734896623771875
2015-07-02,1.1141720290623753
2015-07-03,0.379792291138731
2015-07-04,0.9882130377736325
2015-07-05,1.5920331415311157
2015-07-06,-1.8036284907924331
2015-07-07,-1.3154028787800978
2015-07-08,-0.24021208000558777
2015-07-09,-0.5826320721153889
2015-07-10,-1.1342563734741056
2015-07-11,-1.0961057167737536
2015-07-12,-1.0714893003437935
2015-07-13,0.7923254389544917
2015-07-14,0.9596132629575607
2015-07-15,1.541780666518573
2015-07-16,0.8394528997621747
2015-07-17,0.3581837492225258
2015-07-18,-0.2992302186727043
2015-07-19,-0.5809396472026422
2015-07-20,-1.1509877483691364
2015-07-21,0.3546267665518072
2015-07-22,1.3277672380765928
2015-07-23,1.1149666743592175
2015-07-24,0.8113048161030211
2015-07-25,-0.22742216268672596
2015-07-26,-0.9319870070616686
2015-07-27,-1.471842913954276
2015-07-28,-1.1542502628001299
2015-07-29,-1.3879568534237292
2015-07-30,-0.7855811854811001
2015-07-31,-0.6415434053420194
2015-08-01,-1.400000000000325
2015-08-02,1.0084300753804512
2015-08-03,2.0152676608330555
2015-08-04,0.09291800195573298
2015-08-05,0.10760975900117621
2015-08-06,-0.05763390925327052
2015-08-07,-0.3546640608580258
2015-08-08,-0.958417954050647
2015-08-09,-1.6350573963848276
2015-08-10,1.2728045233600809
2015-08-11,-0.6986623894737772
2015-08-12,1.3307103756081697
2015-08-13,1.5475208848609727
2015-08-14,0.656204876785752
2015-08-15,-0.7467401273829501
2015-08-16,-0.9136427681372526
2015-08-17,0.5284134548067496
2015-08-18,-0.7207050342189054
2015-08-19,0.7828666566168531
2015-08-20,0.6506195976190082
2015-08-21,-0.34889881383257904
2015-08-22,0.23622051577145067
2015-08-23,-0.4120097187966238
2015-08-24,0.709572293483069
2015-08-25,1.5949397332231519
2015-08-26,1.2833293564012693
2015-08-27,1.2700732854803947
2015-08-28,0.6430165244219131
2015-08-29,0.6584269219593011
2015-08-30,0.9885224678705744
2015-08-31,-1.0973500122349316
2015-09-01,-0.2445300429402737
2015-09-02,-1.0053573104729905
2015-09-03,-1.3176730019073797
2015-09-04,-0.1578051499290346
2015-09-05,-1.8400466539741385
2015-09-06,-0.9117536865431612
2015-09-07,-0.24266783307302112
2015-09-08,0.2350069719771043
2015-09-09,-1.0440174938544229
2015-09-10,-0.2784430097729679
2015-09-11,-1.3326479910466604
2015-09-12,1.7307108145868777
2015-09-13,1.2054544018401292
2015-09-14,0.6105834998231737
2015-09-15,1.6147844556384414
2015-09-16,0.5999738423766493
2015-09-17,-0.7950513490191309
2015-09-18,-1.501275148283918
2015-09-19,-1.3866159533996723
2015-09-20,-1.7413039920080915
2015-09-21,-0.7369404451129039
2015-09-22,-0.4376493882498963
2015-09-23,-1.564818003142273
2015-09-24,-1.399072317965459
2015-09-25,-0.8949461211015993
2015-09-26,0.11078680707352519
2015-09-27,-0.4839071374457785
2015-09-28,-0.8220885768564801
2015-09-29,0.9262013310430043
2015-09-30,0.7398231376032847
2015-10-01,-1.3503739569139663
2015-10-02,-0.8468017304731283
2015-10-03,1.8927209980673465
2015-10-04,0.29165221943775643
2015-10-05,-0.03775684668581348
2015-10-06,-0.6820364180670327
2015-10-07,-0.20558611635181898
2015-10-08,-0.696030582949674
2015-10-09,-0.5617690055392639
2015-10-10,-0.4391550328274338
2015-10-11,0.14817389619295815
2015-10-12,2.158022633875718
2015-10-13,1.7085546753184513
2015-10-14,-1.1372982319067775
2015-10-15,-1.5917615170808457
2015-10-16,-0.8347884797198604
2015-10-17,-0.5448869806131764
2015-10-18,-1.3942043444001955
2015-10-19,0.17815943309463722
2015-10-20,-0.06750491801792848
2015-10-21,-1.6494531779564523
2015-10-22,-1.9552984539159242
2015-10-23,-1.5798275812127607
2015-10-24,-0.7810466414022054
2015-10-25,0.20676407877389677
2015-10-26,-0.05235073826368461
2015-10-27,-0.5578986693303806
2015-10-28,-2.048037104172338
2015-10-29,-1.0068887151977917
2015-10-30,-0.7205233932078664
2015-10-31,-0.5440409098323972
2015-11-01,-0.07647191129018885
2015-11-02,0.5831296952211573
2015-11-03,1.4366107234906524
2015-11-04,1.0411693490713196
2015-11-05,-1.162235552451707
2015-11-06,-0.2581702057622367
2015-11-07,-1.3979431473466146
2015-11-08,-1.0742148180262991
2015-11-09,-0.9071147352222015
2015-11-10,0.43915503282688684
2015-11-11,-0.620453387463744
2015-11-12,-0.5282705437955045
2015-11-13,0.8758804342619925
2015-11-14,0.6666666666669296
2015-11-15,0.7520223103264345
2015-11-16,-1.0012523486439566
2015-11-17,-2.1603580225017263
2015-11-18,-1.8409305868561128
2015-11-19,-1.2777251945583203
2015-11-20,-0.95218070814622
2015-11-21,-0.6017879843638254
2015-11-22,-0.4798101058259371
2015-11-23,-1.8333872729438556
2015-11-24,0.26864674234222763
2015-11-25,1.2701141656552457
2015-11-26,1.430413558838495
2015-11-27,-0.1932991295727677
2015-11-28,0.0773196518291094
2015-11-29,-0.5087702829885035
2015-11-30,0.7971471845251269
2015-12-01,0.2768890003738003
2015-12-02,-1.0724336981402287
2015-12-03,-1.3967598043108151
2015-12-04,-1.0672020122653998
2015-12-05,-0.9258200997726174
2015-12-06,-1.071112469173209
2015-12-07,-0.31174966161742346
2015-12-08,1.6536699473067413
2015-12-09,1.3011567597777867
2015-12-10,1.586907875695651
2015-12-11,-0.9240100880711642
2015-12-12,-2.118318976030381
2015-12-13,-1.4992450381812492
2015-12-14,-1.0048050653489506
2015-12-15,-0.7871131554910774
2015-12-16,-0.6125743551279873
2015-12-17,-0.7969592317122619
2015-12-18,-0.20701966780266812
2015-12-19,-1.1936381513983594
2015-12-20,-1.6610821101077613
2015-12-21,0.11083273185073482
2015-12-22,-0.9030609134275039
2015-12-23,0.42301254955837353
2015-12-24,-1.6810579211930428
2015-12-25,-0.9516619028616544
2015-12-26,1.189120186304671
2015-12-27,2.059322648912284
2015-12-28,1.78005644240288
2015-12-29,1.0537906442390104
2015-12-30,0.5144385542760433
2015-12-31,0.0985447890119642
2016-01-01,-0.3968979017125992
2016-01-02,-1.383173520334484
2016-01-03,-0.8257053531362322
2016-01-04,0.783608562381941
2016-01-05,1.1484426838010635
2016-01-06,1.8298792932171801
2016-01-07,1.161392087760324
2016-01-08,-0.16520465011377408
2016-01-09,-0.1150419180407862
2016-01-10,-0.6907367362296039
2016-01-11,-0.5269652842525852
2016-01-12,1.5209501705268247
2016-01-13,1.4137947249464247
2016-01-14,-0.6609305440233922
2016-01-15,-1.7110609454688457
2016-01-16,-1.051879981384567
2016-01-17,-0.6976721711012801
2016-01-18,-0.821231201916623
2016-01-19,-0.9593059982055224
2016-01-20,-1.1527050428001455
2016-01-21,-0.9895288513063751
2016-01-22,-1.1645871396964842
2016-01-23,1.505046185764123
2016-01-24,-1.1846692833355708
2016-01-25,-0.5419984716624155
2016-01-26,1.4685404397236146
2016-01-27,1.8373869295363248
2016-01-28,1.1049687646146187
2016-01-29,1.4406929091385652
2016-01-30,1.173347127462614
2016-01-31,0.18967288681956995
2016-02-01,-0.8032198463463321
2016-02-02,-1.252803295904129
2016-02-03,-1.536872852378184
2016-02-04,-0.1826810452363469
2016-02-05,-1.2407882375882338
2016-02-06,0.11441256887910495
2016-02-07,0.5195855160081064
2016-02-08,1.249679190980926
2016-02-09,1.2215938378079252
2016-02-10,1.0766072446416903
2016-02-11,1.340538574708093
2016-02-12,0.9956151138106468
2016-02-13,-0.529045301163193
2016-02-14,-0.436651116687886
2016-02-15,-0.5902524043682676
2016-02-16,-0.006870988449775977
2016-02-17,0.43457534836499573
2016-02-18,1.3372856499788672
2016-02-19,2.092991743644703
2016-02-20,1.5072303694802722
2016-02-21,0.31122843360154734
2016-02-22,0.12437846450105267
2016-02-23,0.12933346980412902
2016-02-24,0.0458958754071441
2016-02-25,0.4710765560278731
2016-02-26,0.7839191364308593
2016-02-27,1.1135275691786755
2016-02-28,1.0288002948487864
2016-02-29,1.5558056055284504
2016-03-01,1.7705823919549013
2016-03-02,1.345892397305806
2016-03-03,1.5450838105866753
2016-03-04,1.6155919361673994
2016-03-05,-0.6343336116714063
2016-03-06,-1.3506826922513482
2016-03-07,-0.7215935409426324
2016-03-08,-0.7295219085649202
2016-03-09,-0.28608635196060045
2016-03-10,0.7604840248174155
2016-03-11,1.0499250515722751
2016-03-12,0.41538625578159427
2016-03-13,-0.1580926580679171
2016-03-14,-1.705638173916544
2016-03-15,-0.20077361201074928
2016-03-16,-0.31909046989288453
2016-03-17,1.6277196232936824
2016-03-18,1.21433593384888
2016-03-19,1.2033390723485324
2016-03-20,1.0462059065464615
2016-03-21,0.5811495482118187
2016-03-22,-0.8409215565398878
2016-03-23,-0.1973388260114219
2016-03-24,1.632664990642661
2016-03-25,1.802483457140431
2016-03-26,-1.1969901686486653
2016-03-27,-0.24325615323097124
2016-03-28,-0.35981425215233265
2016-03-29,0.14250599912473727
2016-03-30,1.1422012228814973
2016-03-31,1.0915661720318854
2016-04-01,1.2340234815365263
2016-04-02,1.4439548420254746
2016-04-03,1.3242915503766097
2016-04-04,0.918814328388102
2016-04-05,0.5111571356082637
2016-04-06,-0.3629921412604705
2016-04-07,-1.5265424767342863
2016-04-08,-1.5566167539776465
2016-04-09,-0.43714824535374
2016-04-10,0.7624217501653049
2016-04-11,-0.8328144201765142
2016-04-12,-0.3007997535362504
2016-04-13,1.0941290023801193
2016-04-14,1.5029342914849078
2016-04-15,1.358132804832108
2016-04-16,1.6405046764562599
2016-04-17,0.8915379988988308
2016-04-18,0.6574073586421664
2016-04-19,0.05878318829035469
2016-04-20,-0.23304977043159372
2016-04-21,-0.5565269993350589
2016-04-22,-1.4108477522277663
2016-04-23,-1.967974262130783
2016-04-24,-1.6142638771951952
2016-04-25,-0.9538426991529746
2016-04-26,0.5451867534717435
2016-04-27,0.43483732699172983
2016-04-28,1.3819088283955092
2016-04-29,1.0768802961216664
2016-04-30,0.06891297181004301
2016-05-01,1.2655195229230205
2016-05-02,2.127308171912357
2016-05-03,0.4953078539512057
2016-05-04,-0.6316337323001542
2016-05-05,-1.6020675561496434
2016-05-06,-0.9658077769157619
2016-05-07,-0.23279376981652353
2016-05-08,0.46626773692591744
2016-05-09,0.12003014330055954
2016-05-10,0.5747405143337703
2016-05-11,-0.27865068803632237
2016-05-12,1.265297729062095
2016-05-13,1.7667895506342468
2016-05-14,0.9732760295122146
2016-05-15,1.0624666287407318
2016-05-16,0.783034159590904
2016-05-17,0.6975208875022004
2016-05-18,0.9472789329833932
2016-05-19,0.26592925740158396
2016-05-20,0.2906343776505359
2016-05-21,-2.129489260754608
2016-05-22,-0.6797869668983103
2016-05-23,-2.17861690745019
2016-05-24,-1.5622137409507375
2016-05-25,-0.6812553788251057
2016-05-26,0.26537056823426297
2016-05-27,1.3900918936080249
2016-05-28,0.5166939023731582
2016-05-29,-0.9681874308400421
2016-05-30,-1.7100727026090694
2016-05-31,-0.2040040284906393
2016-06-01,0.577345377418364
2016-06-02,0.8476691412601346
2016-06-03,0.8978318943724147
2016-06-04,0.9216015334124246
2016-06-05,0.290067448062562
2016-06-06,-0.42481519012918967
2016-06-07,-1.44498532564005
2016-06-08,-0.34309641730487545
2016-06-09,-0.42281259806180005
2016-06-10,0.07519194119840572
2016-06-11,-1.91204090169287
2016-06-12,0.23536478687017756
2016-06-13,0.6477064404563425
2016-06-14,-1.711056947321752
2016-06-15,-0.10797173792291204
2016-06-16,-0.763603125936634
2016-06-17,-0.07950295449515446
2016-06-18,0.9687635599200172
2016-06-19,0.7624790361611342
2016-06-20,-1.7173233182899532
2016-06-21,-0.6341086399348773
2016-06-22,-0.35633058356417596
2016-06-23,0.03961828921666212
2016-06-24,1.1835479811573686
2016-06-25,0.7247957546320902
2016-06-26,0.5108281129261198
2016-06-27,-0.07911991228484441
2016-06-28,-1.8297134460442728
2016-06-29,0.5175984477670867
2016-06-30,0.4367817837995462
2016-07-01,-1.0356622889082028
2016-07-02,-1.7211445257093057
2016-07-03,-0.9586049910320755
2016-07-04,-0.39522592411663365
2016-07-05,0.4089461111090731
2016-07-06,0.5927980379990931
2016-07-07,0.9674243509018263
2016-07-08,-0.2731062359089902
2016-07-09,0.7361731488180175
2016-07-10,0.07287424635240211
2016-07-11,-1.0431087724218056
2016-07-12,-1.3556955397124881
2016-07-13,-0.5512374723984584
2016-07-14,-0.9664503162618668
2016-07-15,-0.4755506386223011
2016-07-16,-2.0581374495814044
2016-07-17,-1.1074852259118622
2016-07-18,-1.0240830233004246
2016-07-19,1.286245961131754
2016-07-20,1.5515336007718534
2016-07-21,1.148052390447839
2016-07-22,0.9145806183461788
2016-07-23,0.035576826673428326
2016-07-24,-0.34765434086106894
2016-07-25,-0.7465534587857758
2016-07-26,-1.4419649075831336
2016-07-27,-1.6642431351250297
2016-07-28,-0.816807795179057
2016-07-29,-1.5259286308412505
2016-07-30,-1.1392937552909723
2016-07-31,0.06869470226262153
2016-08-01,0.33320220128944766
2016-08-02,1.550829284518602
2016-08-03,1.7196016840962776
2016-08-04,1.3808800338497649
2016-08-05,1.2318452338341908
2016-08-06,-0.610286633026145
2016-08-07,0.7424638279664032
2016-08-08,0.9108518427088634
2016-08-09,-0.7207850117781439
2016-08-10,-0.36952005513714486
2016-08-11,-1.7518508379977173
2016-08-12,-0.9807358314286176
2016-08-13,-0.3928170180592258
2016-08-14,-0.7934439930987666
2016-08-15,0.9157687174787602
2016-08-16,0.7393251289134681
2016-08-17,0.01766008320923413
2016-08-18,-0.258382275827348
2016-08-19,1.3063714094317933
2016-08-20,1.4742899641606135
2016-08-21,0.17954599800059803
2016-08-22,0.6055597937815523
2016-08-23,0.0033382709739539973
2016-08-24,-1.1555485180128668
2016-08-25,-0.2468428603064698
2016-08-26,-0.43791166211417437
2016-08-27,0.5797068372190198
2016-08-28,1.7546439105949598
2016-08-29,-1.4198788721025908
2016-08-30,-0.8125357045741872
2016-08-31,-1.7514836438172265
2016-09-01,-1.0284166742277823
2016-09-02,0.29715286472326097
2016-09-03,0.44994873323817963
2016-09-04,1.2134421933651904
2016-09-05,0.6678717325395422
2016-09-06,0.22180761511070243
2016-09-07,0.4561133607370565
2016-09-08,1.5022003784528708
2016-09-09,-0.9496280513426261
2016-09-10,0.17195868100180434
2016-09-11,-0.07311789817394401
2016-09-12,0.9572872995832248
2016-09-13,1.6835788778779663
2016-09-14,-0.7804808104056821
2016-09-15,0.5481127538337807
2016-09-16,-0.15076877540999656
2016-09-17,1.0737857797133148
2016-09-18,0.7364711673295872
2016-09-19,0.7357520438919909
2016-09-20,1.6836451195201458
2016-09-21,1.2455855063649577
2016-09-22,-1.817059140856772
2016-09-23,-0.9067264078116387
2016-09-24,-0.5689392111769663
2016-09-25,-0.5177558536676579
2016-09-26,-0.1501717882495199
2016-09-27,0.6663559314881224
2016-09-28,1.3568606243190862
2016-09-29,0.9322417727247267
2016-09-30,0.680856704611629
2016-10-01,0.9766894539350638
2016-10-02,1.306753910042406
2016-10-03,1.8680231988136937
2016-10-04,-2.0453392282052136
2016-10-05,-1.8991048566465771
2016-10-06,-0.5415414943239841
2016-10-07,-0.2693007693814835
2016-10-08,-0.3367377801560055
2016-10-09,0.06584564368810907
2016-10-10,-0.725094085208383
2016-10-11,-0.6776745116002046
2016-10-12,-1.2059797534082672
2016-10-13,-0.4081727231929433
2016-10-14,-0.5519973003138925
2016-10-15,-1.9911056700529424
2016-10-16,-0.9995903306372773
2016-10-17,-0.5969212278889737
2016-10-18,-0.5270796588628474
2016-10-19,0.10504160365250106
2016-10-20,0.575943301723271
2016-10-21,-0.27163299786640943
2016-10-22,1.6057944448645345
2016-10-23,-1.8832899075098044
2016-10-24,-0.17837271157133808
2016-10-25,-0.7889815897301354
2016-10-26,-1.1020483632230085
2016-10-27,-1.6163825545102088
2016-10-28,-1.6396437444878713
2016-10-29,-1.1118051767998645
2016-10-30,-1.3456046291964954
2016-10-31,-1.1915126768895217
2016-11-01,-1.0493668595305634
2016-11-02,-1.3744574506968066
2016-11-03,0.9354201575079647
2016-11-04,-0.00838561781858143
2016-11-05,-1.6155218160763223
2016-11-06,-1.2796837077786305
2016-11-07,0.39335145399731014
2016-11-08,-0.3495018703005263
2016-11-09,-0.9188208637939623
2016-11-10,-0.19341897712035572
2016-11-11,0.6573849873147417
2016-11-12,-0.10579543861742627
2016-11-13,0.9724718042556727
2016-11-14,-0.662541736731545
2016-11-15,-1.7699789436220594
2016-11-16,-1.6162796505742183
2016-11-17,-1.1852424123208278
2016-11-18,-0.8891822378638858
2016-11-19,-1.321005574953423
2016-11-20,0.35738008782738706
2016-11-21,-0.31092592956074744
2016-11-22,1.37913308761624
2016-11-23,1.273814805600766
2016-11-24,-0.5868653662718193
2016-11-25,1.4922358293389562
2016-11-26,1.5795580305082921
2016-11-27,0.730003454074086
2016-11-28,-0.544867499035312
2016-11-29,-1.133001885017737
2016-11-30,-1.633357335263709
2016-12-01,-1.3193245953066064
2016-12-02,-1.1628847805372562
2016-12-03,0.06409388548776478
2016-12-04,-1.144337854713319
2016-12-05,-1.0982042774410035
2016-12-06,-0.972111845132156
2016-12-07,-0.956509154246997
2016-12-08,-1.4774898270578047
2016-12-09,0.4458273401507967
2016-12-10,-1.5797749370423062
2016-12-11,1.3448488606076707
2016-12-12,0.9941992647209137
2016-12-13,0.3328558664312091
2016-12-14,-0.04293585129527218
2016-12-15,-0.5089621444112818
2016-12-16,-1.5115855007660437
2016-12-17,-0.6397108341320734
2016-12-18,-1.1881203928027821
2016-12-19,0.23008829010936346
2016-12-20,1.526199923900578
2016-12-21,0.3248758651303457
2016-12-22,-0.15185657710604253
2016-12-23,-1.3666509037719505
2016-12-24,-0.07378975767099408
2016-12-25,-1.6750434200170117
2016-12-26,0.0663576737108537
2016-12-27,0.18244175521341036
2016-12-28,0.5859482371318577
2016-12-29,-0.7439424191377528
2016-12-30,-1.258815173871423
2016-12-31,-0.43083382786314534
2017-01-01,-2.0007751345513327
